{
    "name": "root",
    "gauges": {
        "CarBehavior.Policy.Entropy.mean": {
            "value": 1.1902800798416138,
            "min": 1.1902800798416138,
            "max": 1.3915590047836304,
            "count": 10
        },
        "CarBehavior.Policy.Entropy.sum": {
            "value": 59546.14453125,
            "min": 59546.14453125,
            "max": 69615.5234375,
            "count": 10
        },
        "CarBehavior.Environment.EpisodeLength.mean": {
            "value": 38.703968253968256,
            "min": 34.2054890921886,
            "max": 38.703968253968256,
            "count": 10
        },
        "CarBehavior.Environment.EpisodeLength.sum": {
            "value": 48767.0,
            "min": 48606.0,
            "max": 48767.0,
            "count": 10
        },
        "CarBehavior.Step.mean": {
            "value": 499981.0,
            "min": 49981.0,
            "max": 499981.0,
            "count": 10
        },
        "CarBehavior.Step.sum": {
            "value": 499981.0,
            "min": 49981.0,
            "max": 499981.0,
            "count": 10
        },
        "CarBehavior.Policy.ExtrinsicValueEstimate.mean": {
            "value": 92.71624755859375,
            "min": 71.63985443115234,
            "max": 93.15716552734375,
            "count": 10
        },
        "CarBehavior.Policy.ExtrinsicValueEstimate.sum": {
            "value": 116822.46875,
            "min": 101728.59375,
            "max": 119808.765625,
            "count": 10
        },
        "CarBehavior.Environment.CumulativeReward.mean": {
            "value": 161.3623123929141,
            "min": 140.05783022272755,
            "max": 161.3623123929141,
            "count": 10
        },
        "CarBehavior.Environment.CumulativeReward.sum": {
            "value": 203316.51361507177,
            "min": 198882.11891627312,
            "max": 203546.89484977722,
            "count": 10
        },
        "CarBehavior.Policy.ExtrinsicReward.mean": {
            "value": 161.3623123929141,
            "min": 140.05783022272755,
            "max": 161.3623123929141,
            "count": 10
        },
        "CarBehavior.Policy.ExtrinsicReward.sum": {
            "value": 203316.51361507177,
            "min": 198882.11891627312,
            "max": 203546.89484977722,
            "count": 10
        },
        "CarBehavior.Losses.PolicyLoss.mean": {
            "value": 0.03428227762954824,
            "min": 0.03207316451046912,
            "max": 0.03428227762954824,
            "count": 10
        },
        "CarBehavior.Losses.PolicyLoss.sum": {
            "value": 0.41138733155457885,
            "min": 0.3848779741256294,
            "max": 0.43059283724323905,
            "count": 10
        },
        "CarBehavior.Losses.ValueLoss.mean": {
            "value": 1570.6966117223103,
            "min": 1449.1810054381688,
            "max": 1727.2798994382222,
            "count": 10
        },
        "CarBehavior.Losses.ValueLoss.sum": {
            "value": 18848.359340667725,
            "min": 17390.172065258026,
            "max": 21280.743171691895,
            "count": 10
        },
        "CarBehavior.Policy.LearningRate.mean": {
            "value": 1.4877395040899998e-05,
            "min": 1.4877395040899998e-05,
            "max": 0.0002839910053363333,
            "count": 10
        },
        "CarBehavior.Policy.LearningRate.sum": {
            "value": 0.00017852874049079998,
            "min": 0.00017852874049079998,
            "max": 0.0034078920640359996,
            "count": 10
        },
        "CarBehavior.Policy.Epsilon.mean": {
            "value": 0.10495910000000001,
            "min": 0.10495910000000001,
            "max": 0.19466366666666668,
            "count": 10
        },
        "CarBehavior.Policy.Epsilon.sum": {
            "value": 1.2595092,
            "min": 1.2595092,
            "max": 2.335964,
            "count": 10
        },
        "CarBehavior.Policy.Beta.mean": {
            "value": 0.00025745909,
            "min": 0.00025745909,
            "max": 0.004733716966666667,
            "count": 10
        },
        "CarBehavior.Policy.Beta.sum": {
            "value": 0.00308950908,
            "min": 0.00308950908,
            "max": 0.0568046036,
            "count": 10
        },
        "CarBehavior.IsTraining.mean": {
            "value": 1.0,
            "min": 1.0,
            "max": 1.0,
            "count": 10
        },
        "CarBehavior.IsTraining.sum": {
            "value": 1.0,
            "min": 1.0,
            "max": 1.0,
            "count": 10
        }
    },
    "metadata": {
        "timer_format_version": "0.1.0",
        "start_time_seconds": "1659207625",
        "python_version": "3.7.13 (default, Mar 28 2022, 07:24:34) \n[Clang 12.0.0 ]",
        "command_line_arguments": "/Users/mateja/anaconda3/envs/KAI_ENV/bin/mlagents-learn Assets/Configuration/configuration.yaml --env=KAI_Headless_Two --no-graphics --run-id=Tenth_Run_Two",
        "mlagents_version": "0.29.0",
        "mlagents_envs_version": "0.29.0",
        "communication_protocol_version": "1.5.0",
        "pytorch_version": "1.8.1",
        "numpy_version": "1.21.2",
        "end_time_seconds": "1659210448"
    },
    "total": 2822.8782831659996,
    "count": 1,
    "self": 1.1438974989996495,
    "children": {
        "run_training.setup": {
            "total": 0.019096208999999975,
            "count": 1,
            "self": 0.019096208999999975
        },
        "TrainerController.start_learning": {
            "total": 2821.715289458,
            "count": 1,
            "self": 5.183611761075554,
            "children": {
                "TrainerController._reset_env": {
                    "total": 5.968570875,
                    "count": 1,
                    "self": 5.968570875
                },
                "TrainerController.advance": {
                    "total": 2810.534398404925,
                    "count": 513090,
                    "self": 4.9686379399699945,
                    "children": {
                        "env_step": {
                            "total": 2567.257304184037,
                            "count": 513090,
                            "self": 2400.051771112077,
                            "children": {
                                "SubprocessEnvManager._take_step": {
                                    "total": 163.72900699896405,
                                    "count": 513090,
                                    "self": 12.495792810038779,
                                    "children": {
                                        "TorchPolicy.evaluate": {
                                            "total": 151.23321418892527,
                                            "count": 500031,
                                            "self": 29.24614722078678,
                                            "children": {
                                                "TorchPolicy.sample_actions": {
                                                    "total": 121.98706696813849,
                                                    "count": 500031,
                                                    "self": 121.98706696813849
                                                }
                                            }
                                        }
                                    }
                                },
                                "workers": {
                                    "total": 3.4765260729959335,
                                    "count": 513090,
                                    "self": 0.0,
                                    "children": {
                                        "worker_root": {
                                            "total": 2815.2062102350146,
                                            "count": 513090,
                                            "is_parallel": true,