{
    "name": "root",
    "gauges": {
        "CarBehavior.Policy.Entropy.mean": {
            "value": 0.30520281195640564,
            "min": 0.30520281195640564,
            "max": 1.3895128965377808,
            "count": 100
        },
        "CarBehavior.Policy.Entropy.sum": {
            "value": 15253.4267578125,
            "min": 15253.4267578125,
            "max": 69508.9921875,
            "count": 100
        },
        "CarBehavior.Step.mean": {
            "value": 4999963.0,
            "min": 49967.0,
            "max": 4999963.0,
            "count": 100
        },
        "CarBehavior.Step.sum": {
            "value": 4999963.0,
            "min": 49967.0,
            "max": 4999963.0,
            "count": 100
        },
        "CarBehavior.Policy.ExtrinsicValueEstimate.mean": {
            "value": 33.43101119995117,
            "min": 2.9852356910705566,
            "max": 33.468997955322266,
            "count": 100
        },
        "CarBehavior.Policy.ExtrinsicValueEstimate.sum": {
            "value": 26811.669921875,
            "min": 3531.53369140625,
            "max": 26942.54296875,
            "count": 100
        },
        "CarBehavior.Environment.EpisodeLength.mean": {
            "value": 883.4642857142857,
            "min": 54.70601336302895,
            "max": 927.2777777777778,
            "count": 100
        },
        "CarBehavior.Environment.EpisodeLength.sum": {
            "value": 49474.0,
            "min": 49114.0,
            "max": 50754.0,
            "count": 100
        },
        "CarBehavior.Environment.CumulativeReward.mean": {
            "value": 313.433621746621,
            "min": 8.530811882304773,
            "max": 327.0841570885645,
            "count": 100
        },
        "CarBehavior.Environment.CumulativeReward.sum": {
            "value": 17552.282817810774,
            "min": 7652.1382584273815,
            "max": 20316.912274718285,
            "count": 100
        },
        "CarBehavior.Policy.ExtrinsicReward.mean": {
            "value": 313.433621746621,
            "min": 8.530811882304773,
            "max": 327.0841570885645,
            "count": 100
        },
        "CarBehavior.Policy.ExtrinsicReward.sum": {
            "value": 17552.282817810774,
            "min": 7652.1382584273815,
            "max": 20316.912274718285,
            "count": 100
        },
        "CarBehavior.Losses.PolicyLoss.mean": {
            "value": 0.0330190138429316,
            "min": 0.0307864403248459,
            "max": 0.03556416403368227,
            "count": 100
        },
        "CarBehavior.Losses.PolicyLoss.sum": {
            "value": 0.3962281661151792,
            "min": 0.3694372838981508,
            "max": 0.44894651079266623,
            "count": 100
        },
        "CarBehavior.Losses.ValueLoss.mean": {
            "value": 8.001301460899413,
            "min": 1.3904258789649855,
            "max": 17.401223021248978,
            "count": 100
        },
        "CarBehavior.Losses.ValueLoss.sum": {
            "value": 96.01561753079295,
            "min": 16.685110547579825,
            "max": 208.81467625498772,
            "count": 100
        },
        "CarBehavior.Policy.LearningRate.mean": {
            "value": 1.5028744990750007e-06,
            "min": 1.5028744990750007e-06,
            "max": 0.00029839360553546497,
            "count": 100
        },
        "CarBehavior.Policy.LearningRate.sum": {
            "value": 1.8034493988900008e-05,
            "min": 1.8034493988900008e-05,
            "max": 0.0035807232664255796,
            "count": 100
        },
        "CarBehavior.Policy.Epsilon.mean": {
            "value": 0.10050092500000002,
            "min": 0.10050092500000002,
            "max": 0.19946453500000003,
            "count": 100
        },
        "CarBehavior.Policy.Epsilon.sum": {
            "value": 1.2060111000000002,
            "min": 1.2060111000000002,
            "max": 2.4894736200000005,
            "count": 100
        },
        "CarBehavior.Policy.Beta.mean": {
            "value": 3.499615750000001e-05,
            "min": 3.499615750000001e-05,
            "max": 0.0049732802965,
            "count": 100
        },
        "CarBehavior.Policy.Beta.sum": {
            "value": 0.0004199538900000001,
            "min": 0.0004199538900000001,
            "max": 0.059679363558,
            "count": 100
        },
        "CarBehavior.IsTraining.mean": {
            "value": 1.0,
            "min": 1.0,
            "max": 1.0,
            "count": 100
        },
        "CarBehavior.IsTraining.sum": {
            "value": 1.0,
            "min": 1.0,
            "max": 1.0,
            "count": 100
        }
    },
    "metadata": {
        "timer_format_version": "0.1.0",
        "start_time_seconds": "1659254930",
        "python_version": "3.7.13 (default, Mar 28 2022, 07:24:34) \n[Clang 12.0.0 ]",
        "command_line_arguments": "/Users/mateja/anaconda3/envs/KAI_ENV/bin/mlagents-learn Assets/Configuration/configuration_long.yaml --env=KAI_Headless_Two --no-graphics --run-id=17th_Run_Two",
        "mlagents_version": "0.29.0",
        "mlagents_envs_version": "0.29.0",
        "communication_protocol_version": "1.5.0",
        "pytorch_version": "1.8.1",
        "numpy_version": "1.21.2",
        "end_time_seconds": "1659283275"
    },
    "total": 28343.776346541,
    "count": 1,
    "self": 1.0363215829966066,
    "children": {
        "run_training.setup": {
            "total": 0.015746000000000038,
            "count": 1,
            "self": 0.015746000000000038
        },
        "TrainerController.start_learning": {
            "total": 28342.724278958,
            "count": 1,
            "self": 53.00639154864257,
            "children": {
                "TrainerController._reset_env": {
                    "total": 5.535655,
                    "count": 1,
                    "self": 5.535655
                },
                "TrainerController.advance": {
                    "total": 28284.151207535357,
                    "count": 5013360,
                    "self": 50.62272046691578,
                    "children": {
                        "env_step": {
                            "total": 25838.232583010144,
                            "count": 5013360,
                            "self": 24050.077338405317,
                            "children": {
                                "SubprocessEnvManager._take_step": {
                                    "total": 1752.4232122211479,
                                    "count": 5013360,
                                    "self": 135.3927939548662,
                                    "children": {
                                        "TorchPolicy.evaluate": {
                                            "total": 1617.0304182662817,
                                            "count": 5000027,
                                            "self": 316.5550161685178,
                                            "children": {
                                                "TorchPolicy.sample_actions": {
                                                    "total": 1300.475402097764,
                                                    "count": 5000027,
                                                    "self": 1300.475402097764
                                                }
                                            }
                                        }
                                    }
                                },
                                "workers": {
                                    "total": 35.73203238367753,
                                    "count": 5013360,
                                    "self": 0.0,
                                    "children": {
                                        "worker_root": {
                                            "total": 28274.499958349443,