{
    "name": "root",
    "gauges": {
        "CarBehavior.Policy.Entropy.mean": {
            "value": 1.1701343059539795,
            "min": 1.1701343059539795,
            "max": 1.3943554162979126,
            "count": 10
        },
        "CarBehavior.Policy.Entropy.sum": {
            "value": 58486.82421875,
            "min": 58486.82421875,
            "max": 69751.234375,
            "count": 10
        },
        "CarBehavior.Environment.EpisodeLength.mean": {
            "value": 277.0388888888889,
            "min": 27.390465380249715,
            "max": 277.0388888888889,
            "count": 10
        },
        "CarBehavior.Environment.EpisodeLength.sum": {
            "value": 49867.0,
            "min": 48262.0,
            "max": 50381.0,
            "count": 10
        },
        "CarBehavior.Step.mean": {
            "value": 499994.0,
            "min": 49967.0,
            "max": 499994.0,
            "count": 10
        },
        "CarBehavior.Step.sum": {
            "value": 499994.0,
            "min": 49967.0,
            "max": 499994.0,
            "count": 10
        },
        "CarBehavior.Policy.ExtrinsicValueEstimate.mean": {
            "value": 27.651527404785156,
            "min": 1.7145076990127563,
            "max": 27.651527404785156,
            "count": 10
        },
        "CarBehavior.Policy.ExtrinsicValueEstimate.sum": {
            "value": 25467.056640625,
            "min": 3019.248046875,
            "max": 25467.056640625,
            "count": 10
        },
        "CarBehavior.Environment.CumulativeReward.mean": {
            "value": 119.68511974378671,
            "min": 6.908858906775967,
            "max": 119.68511974378671,
            "count": 10
        },
        "CarBehavior.Environment.CumulativeReward.sum": {
            "value": 21423.63643413782,
            "min": 12166.500534832478,
            "max": 21554.05657464266,
            "count": 10
        },
        "CarBehavior.Policy.ExtrinsicReward.mean": {
            "value": 119.68511974378671,
            "min": 6.908858906775967,
            "max": 119.68511974378671,
            "count": 10
        },
        "CarBehavior.Policy.ExtrinsicReward.sum": {
            "value": 21423.63643413782,
            "min": 12166.500534832478,
            "max": 21554.05657464266,
            "count": 10
        },
        "CarBehavior.Losses.PolicyLoss.mean": {
            "value": 0.03487453590999697,
            "min": 0.031671222850945924,
            "max": 0.0354879795074036,
            "count": 10
        },
        "CarBehavior.Losses.PolicyLoss.sum": {
            "value": 0.41849443091996363,
            "min": 0.3800546742113511,
            "max": 0.4293369627703214,
            "count": 10
        },
        "CarBehavior.Losses.ValueLoss.mean": {
            "value": 18.95889187604189,
            "min": 2.0158323618428162,
            "max": 18.969857188562553,
            "count": 10
        },
        "CarBehavior.Losses.ValueLoss.sum": {
            "value": 227.50670251250267,
            "min": 24.189988342113793,
            "max": 242.25995309650898,
            "count": 10
        },
        "CarBehavior.Policy.LearningRate.mean": {
            "value": 1.4015545328183335e-05,
            "min": 1.4015545328183335e-05,
            "max": 0.00028397475534174996,
            "count": 10
        },
        "CarBehavior.Policy.LearningRate.sum": {
            "value": 0.00016818654393820003,
            "min": 0.00016818654393820003,
            "max": 0.0034076970641009996,
            "count": 10
        },
        "CarBehavior.Policy.Epsilon.mean": {
            "value": 0.10467181666666668,
            "min": 0.10467181666666668,
            "max": 0.19465825000000003,
            "count": 10
        },
        "CarBehavior.Policy.Epsilon.sum": {
            "value": 1.2560618000000001,
            "min": 1.2560618000000001,
            "max": 2.3358990000000004,
            "count": 10
        },
        "CarBehavior.Policy.Beta.mean": {
            "value": 0.00024312365166666674,
            "min": 0.00024312365166666674,
            "max": 0.004733446675,
            "count": 10
        },
        "CarBehavior.Policy.Beta.sum": {
            "value": 0.002917483820000001,
            "min": 0.002917483820000001,
            "max": 0.056801360099999997,
            "count": 10
        },
        "CarBehavior.IsTraining.mean": {
            "value": 1.0,
            "min": 1.0,
            "max": 1.0,
            "count": 10
        },
        "CarBehavior.IsTraining.sum": {
            "value": 1.0,
            "min": 1.0,
            "max": 1.0,
            "count": 10
        }
    },
    "metadata": {
        "timer_format_version": "0.1.0",
        "start_time_seconds": "1659214379",
        "python_version": "3.7.13 (default, Mar 28 2022, 07:24:34) \n[Clang 12.0.0 ]",
        "command_line_arguments": "/Users/mateja/anaconda3/envs/KAI_ENV/bin/mlagents-learn Assets/Configuration/configuration.yaml --env=KAI_Headless_Two --no-graphics --run-id=13th_Run_One",
        "mlagents_version": "0.29.0",
        "mlagents_envs_version": "0.29.0",
        "communication_protocol_version": "1.5.0",
        "pytorch_version": "1.8.1",
        "numpy_version": "1.21.2",
        "end_time_seconds": "1659217204"
    },
    "total": 2824.424584292,
    "count": 1,
    "self": 1.3990422499996384,
    "children": {
        "run_training.setup": {
            "total": 0.017707249999999952,
            "count": 1,
            "self": 0.017707249999999952
        },
        "TrainerController.start_learning": {
            "total": 2823.0078347920003,
            "count": 1,
            "self": 5.174408505991778,
            "children": {
                "TrainerController._reset_env": {
                    "total": 5.848976584,
                    "count": 1,
                    "self": 5.848976584
                },
                "TrainerController.advance": {
                    "total": 2811.954919494008,
                    "count": 505525,
                    "self": 4.990782391949779,
                    "children": {
                        "env_step": {
                            "total": 2566.0589909560176,
                            "count": 505525,
                            "self": 2396.535761554175,
                            "children": {
                                "SubprocessEnvManager._take_step": {
                                    "total": 166.15656924689756,
                                    "count": 505525,
                                    "self": 12.65435126582625,
                                    "children": {
                                        "TorchPolicy.evaluate": {
                                            "total": 153.5022179810713,
                                            "count": 500001,
                                            "self": 29.95458300316865,
                                            "children": {
                                                "TorchPolicy.sample_actions": {
                                                    "total": 123.54763497790266,
                                                    "count": 500001,
                                                    "self": 123.54763497790266
                                                }
                                            }
                                        }
                                    }
                                },
                                "workers": {
                                    "total": 3.3666601549448245,
                                    "count": 505525,
                                    "self": 0.0,
                                    "children": {
                                        "worker_root": {
                                            "total": 2816.4677929289796,
                                            "count": 505525,