{
    "name": "root",
    "metadata": {
        "timer_format_version": "0.1.0",
        "start_time_seconds": "1659116662",
        "python_version": "3.7.13 (default, Mar 28 2022, 07:24:34) \n[Clang 12.0.0 ]",
        "command_line_arguments": "/Users/mateja/anaconda3/envs/KAI_ENV/bin/mlagents-learn --env=KAI_Headless --no-graphics --run-id=Fourth_Run --force",
        "mlagents_version": "0.29.0",
        "mlagents_envs_version": "0.29.0",
        "communication_protocol_version": "1.5.0",
        "pytorch_version": "1.8.1",
        "numpy_version": "1.21.2",
        "end_time_seconds": "1659116722"
    },
    "total": 60.330551291,
    "count": 1,
    "self": 0.8134452069999938,
    "children": {
        "run_training.setup": {
            "total": 0.018200167000000045,
            "count": 1,
            "self": 0.018200167000000045
        },
        "TrainerController.start_learning": {
            "total": 59.498905917,
            "count": 1,
            "self": 0.1142553129998376,
            "children": {
                "TrainerController._reset_env": {
                    "total": 5.8744365,
                    "count": 1,
                    "self": 5.8744365
                },
                "TrainerController.advance": {
                    "total": 53.43965027100016,
                    "count": 10199,
                    "self": 0.1048683969996489,
                    "children": {
                        "env_step": {
                            "total": 52.70641302900011,
                            "count": 10199,
                            "self": 48.88599217400035,
                            "children": {
                                "SubprocessEnvManager._take_step": {
                                    "total": 3.74761291599982,
                                    "count": 10199,
                                    "self": 0.2766339649997924,
                                    "children": {
                                        "TorchPolicy.evaluate": {
                                            "total": 3.4709789510000277,
                                            "count": 10142,
                                            "self": 0.683565329999559,
                                            "children": {
                                                "TorchPolicy.sample_actions": {
                                                    "total": 2.7874136210004687,
                                                    "count": 10142,
                                                    "self": 2.7874136210004687
                                                }
                                            }
                                        }
                                    }
                                },
                                "workers": {
                                    "total": 0.0728079389999392,
                                    "count": 10198,
                                    "self": 0.0,
                                    "children": {
                                        "worker_root": {
                                            "total": 59.300098006999974,
                                            "count": 10198,
                                            "is_parallel": true,
                                            "self": 14.871651960000207,
                                            "children": {
                                                "run_training.setup": {
                                                    "total": 0.0,
                                                    "count": 0,
                                                    "is_parallel": true,
                                                    "self": 0.0,
                                                    "children": {
                                                        "steps_from_proto": {
                                                            "total": 0.0011811250000004492,
                                                            "count": 1,
                                                            "is_parallel": true,
                                                            "self": 0.0001982500000003995,
                                                            "children": {
                                                                "_process_rank_one_or_two_observation": {
                                                                    "total": 0.0009828750000000497,
                                                                    "count": 2,
                                                                    "is_parallel": true,
                                                                    "self": 0.0009828750000000497
                                                                }
                                                            }
                                                        },
                                                        "UnityEnvironment.step": {
                                                            "total": 0.03362116699999973,
                                                            "count": 1,
                                                            "is_parallel": true,
                                                            "self": 9.274999999941969e-05,
                                                            "children": {
                                                                "UnityEnvironment._generate_step_input": {
                                                                    "total": 0.0001665830000003865,
                                                                    "count": 1,
                                                                    "is_parallel": true,
                                                                    "self": 0.0001665830000003865
                                                                },
                                                                "communicator.exchange": {
                                                                    "total": 0.033139417000000115,
                                                                    "count": 1,
                                                                    "is_parallel": true,
                                                                    "self": 0.033139417000000115
                                                                },
                                                                "steps_from_proto": {
                                                                    "total": 0.00022241699999980824,
                                                                    "count": 1,
                                                                    "is_parallel": true,
                                                                    "self": 9.166700000040606e-05,
                                                                    "children": {
                                                                        "_process_rank_one_or_two_observation": {
                                                                            "total": 0.00013074999999940218,
                                                                            "count": 2,
                                                                            "is_parallel": true,