{
    "name": "root",
    "gauges": {
        "CarBehavior.Policy.Entropy.mean": {
            "value": 0.5881456732749939,
            "min": 0.5881456732749939,
            "max": 1.4048949480056763,
            "count": 100
        },
        "CarBehavior.Policy.Entropy.sum": {
            "value": 29380.818359375,
            "min": 29380.818359375,
            "max": 70274.25,
            "count": 100
        },
        "CarBehavior.Environment.EpisodeLength.mean": {
            "value": 888.7678571428571,
            "min": 28.372284204345274,
            "max": 999.0,
            "count": 100
        },
        "CarBehavior.Environment.EpisodeLength.sum": {
            "value": 49771.0,
            "min": 48318.0,
            "max": 50745.0,
            "count": 100
        },
        "CarBehavior.Step.mean": {
            "value": 4999938.0,
            "min": 49978.0,
            "max": 4999938.0,
            "count": 100
        },
        "CarBehavior.Step.sum": {
            "value": 4999938.0,
            "min": 49978.0,
            "max": 4999938.0,
            "count": 100
        },
        "CarBehavior.Policy.ExtrinsicValueEstimate.mean": {
            "value": 45.86832046508789,
            "min": -0.6991481184959412,
            "max": 46.3245735168457,
            "count": 100
        },
        "CarBehavior.Policy.ExtrinsicValueEstimate.sum": {
            "value": 36878.12890625,
            "min": -1275.9453125,
            "max": 37166.4453125,
            "count": 100
        },
        "CarBehavior.Environment.CumulativeReward.mean": {
            "value": 409.44135369147574,
            "min": -0.4872290681430372,
            "max": 461.14375854492187,
            "count": 100
        },
        "CarBehavior.Environment.CumulativeReward.sum": {
            "value": 22928.71580672264,
            "min": -829.2638739794493,
            "max": 23388.578603744507,
            "count": 100
        },
        "CarBehavior.Policy.ExtrinsicReward.mean": {
            "value": 409.44135369147574,
            "min": -0.4872290681430372,
            "max": 461.14375854492187,
            "count": 100
        },
        "CarBehavior.Policy.ExtrinsicReward.sum": {
            "value": 22928.71580672264,
            "min": -829.2638739794493,
            "max": 23388.578603744507,
            "count": 100
        },
        "CarBehavior.Losses.PolicyLoss.mean": {
            "value": 0.03281646298766342,
            "min": 0.030170600646215462,
            "max": 0.0354041711316313,
            "count": 100
        },
        "CarBehavior.Losses.PolicyLoss.sum": {
            "value": 0.3937975558519611,
            "min": 0.36204720775458554,
            "max": 0.4514189707697369,
            "count": 100
        },
        "CarBehavior.Losses.ValueLoss.mean": {
            "value": 1.4969197206858855,
            "min": 0.12661845090042334,
            "max": 17.911223247647285,
            "count": 100
        },
        "CarBehavior.Losses.ValueLoss.sum": {
            "value": 17.963036648230627,
            "min": 1.51942141080508,
            "max": 214.93467897176743,
            "count": 100
        },
        "CarBehavior.Policy.LearningRate.mean": {
            "value": 1.4678495107500038e-06,
            "min": 1.4678495107500038e-06,
            "max": 0.00029839626553457836,
            "count": 100
        },
        "CarBehavior.Policy.LearningRate.sum": {
            "value": 1.7614194129000047e-05,
            "min": 1.7614194129000047e-05,
            "max": 0.00358075518641494,
            "count": 100
        },
        "CarBehavior.Policy.Epsilon.mean": {
            "value": 0.10048924999999999,
            "min": 0.10048924999999999,
            "max": 0.1994654216666667,
            "count": 100
        },
        "CarBehavior.Policy.Epsilon.sum": {
            "value": 1.205871,
            "min": 1.205871,
            "max": 2.4894693000000006,
            "count": 100
        },
        "CarBehavior.Policy.Beta.mean": {
            "value": 3.4413575000000065e-05,
            "min": 3.4413575000000065e-05,
            "max": 0.004973324541166666,
            "count": 100
        },
        "CarBehavior.Policy.Beta.sum": {
            "value": 0.0004129629000000008,
            "min": 0.0004129629000000008,
            "max": 0.05967989449399999,
            "count": 100
        },
        "CarBehavior.IsTraining.mean": {
            "value": 1.0,
            "min": 1.0,
            "max": 1.0,
            "count": 100
        },
        "CarBehavior.IsTraining.sum": {
            "value": 1.0,
            "min": 1.0,
            "max": 1.0,
            "count": 100
        }
    },
    "metadata": {
        "timer_format_version": "0.1.0",
        "start_time_seconds": "1659220477",
        "python_version": "3.7.13 (default, Mar 28 2022, 07:24:34) \n[Clang 12.0.0 ]",
        "command_line_arguments": "/Users/mateja/anaconda3/envs/KAI_ENV/bin/mlagents-learn Assets/Configuration/configuration_long.yaml --env=KAI_Headless_Two --no-graphics --run-id=15th_Run_One",
        "mlagents_version": "0.29.0",
        "mlagents_envs_version": "0.29.0",
        "communication_protocol_version": "1.5.0",
        "pytorch_version": "1.8.1",
        "numpy_version": "1.21.2",
        "end_time_seconds": "1659248714"
    },
    "total": 28235.322880958,
    "count": 1,
    "self": 1.4552357079992362,
    "children": {
        "run_training.setup": {
            "total": 0.015684249999999844,
            "count": 1,
            "self": 0.015684249999999844
        },
        "TrainerController.start_learning": {
            "total": 28233.851961,
            "count": 1,
            "self": 52.8598366356855,
            "children": {
                "TrainerController._reset_env": {
                    "total": 1.798311084,
                    "count": 1,
                    "self": 1.798311084
                },
                "TrainerController.advance": {
                    "total": 28179.157329071317,
                    "count": 5008348,
                    "self": 51.530056384912314,
                    "children": {
                        "env_step": {
                            "total": 25715.893332659416,
                            "count": 5008348,
                            "self": 23949.5938297534,
                            "children": {
                                "SubprocessEnvManager._take_step": {
                                    "total": 1731.4000329086175,
                                    "count": 5008348,
                                    "self": 135.26951230521513,
                                    "children": {
                                        "TorchPolicy.evaluate": {
                                            "total": 1596.1305206034024,
                                            "count": 5000002,
                                            "self": 311.53757092764795,
                                            "children": {
                                                "TorchPolicy.sample_actions": {
                                                    "total": 1284.5929496757544,
                                                    "count": 5000002,
                                                    "self": 1284.5929496757544
                                                }
                                            }
                                        }
                                    }
                                },
                                "workers": {
                                    "total": 34.89946999739629,
                                    "count": 5008348,
                                    "self": 0.0,
                                    "children": {
                                        "worker_root": {
                                            "total": 28164.672618352834,