{"cameraMode":{"drawMode":0,"name":"Shaded","section":"Shading Mode"},"sceneLighting":true,"audioPlay":false,"sceneViewState":{"m_AlwaysRefresh":false,"showFog":true,"showSkybox":true,"showFlares":true,"showImageEffects":true,"showParticleSystems":true,"showVisualEffectGraphs":true,"m_FxEnabled":true},"in2DMode":false,"pivot":{"x":-0.2624959945678711,"y":18.370716094970704,"z":11.424663543701172},"rotation":{"x":-0.6509208083152771,"y":-0.011839977465569973,"z":0.010149993002414704,"w":-0.7589915990829468},"size":90.81098937988281,"orthographic":true}