{"cameraMode":{"drawMode":0,"name":"Shaded","section":"Shading Mode"},"sceneLighting":true,"audioPlay":false,"sceneViewState":{"m_AlwaysRefresh":false,"showFog":true,"showSkybox":true,"showFlares":true,"showImageEffects":true,"showParticleSystems":true,"showVisualEffectGraphs":true,"m_FxEnabled":true},"in2DMode":false,"pivot":{"x":11.047504425048829,"y":29.70709991455078,"z":-0.11777496337890625},"rotation":{"x":-0.5281419157981873,"y":-0.047846436500549319,"z":0.029834043234586717,"w":-0.8472929000854492},"size":64.28384399414063,"orthographic":false}