{"cameraMode":{"drawMode":0,"name":"Shaded","section":"Shading Mode"},"sceneLighting":true,"audioPlay":false,"sceneViewState":{"m_AlwaysRefresh":false,"showFog":true,"showSkybox":true,"showFlares":true,"showImageEffects":true,"showParticleSystems":true,"showVisualEffectGraphs":true,"m_FxEnabled":true},"in2DMode":false,"pivot":{"x":10.587783813476563,"y":1.4000234603881837,"z":12.176454544067383},"rotation":{"x":-0.14231698215007783,"y":-0.6451078057289124,"z":0.12399820983409882,"w":-0.7404062747955322},"size":3.834437131881714,"orthographic":false}