{"cameraMode":{"drawMode":0,"name":"Shaded","section":"Shading Mode"},"sceneLighting":true,"audioPlay":false,"sceneViewState":{"m_AlwaysRefresh":false,"showFog":true,"showSkybox":true,"showFlares":true,"showImageEffects":true,"showParticleSystems":true,"showVisualEffectGraphs":true,"m_FxEnabled":true},"in2DMode":false,"pivot":{"x":-20.94208335876465,"y":6.316709518432617,"z":62.371185302734378},"rotation":{"x":0.21727536618709565,"y":0.25986596941947939,"z":-0.06013268977403641,"w":0.9389597773551941},"size":50.82582092285156,"orthographic":true}