{
    "name": "root",
    "gauges": {
        "CarBehavior.Policy.Entropy.mean": {
            "value": 1.0052521228790283,
            "min": 1.0052521228790283,
            "max": 1.413796067237854,
            "count": 80
        },
        "CarBehavior.Policy.Entropy.sum": {
            "value": 50218.375,
            "min": 50218.375,
            "max": 70750.59375,
            "count": 80
        },
        "CarBehavior.Environment.EpisodeLength.mean": {
            "value": 877.4736842105264,
            "min": 41.366638441998305,
            "max": 973.0588235294117,
            "count": 80
        },
        "CarBehavior.Environment.EpisodeLength.sum": {
            "value": 50016.0,
            "min": 47966.0,
            "max": 51542.0,
            "count": 80
        },
        "CarBehavior.Step.mean": {
            "value": 3999974.0,
            "min": 49985.0,
            "max": 3999974.0,
            "count": 80
        },
        "CarBehavior.Step.sum": {
            "value": 3999974.0,
            "min": 49985.0,
            "max": 3999974.0,
            "count": 80
        },
        "CarBehavior.Policy.ExtrinsicValueEstimate.mean": {
            "value": 49.68260192871094,
            "min": 3.080070734024048,
            "max": 51.00346374511719,
            "count": 80
        },
        "CarBehavior.Policy.ExtrinsicValueEstimate.sum": {
            "value": 40044.17578125,
            "min": 3850.08837890625,
            "max": 40904.77734375,
            "count": 80
        },
        "CarBehavior.Environment.CumulativeReward.mean": {
            "value": 445.4700980620426,
            "min": 13.806055006435361,
            "max": 490.43714176893235,
            "count": 80
        },
        "CarBehavior.Environment.CumulativeReward.sum": {
            "value": 25391.79558953643,
            "min": 16291.144907593727,
            "max": 26109.775059312582,
            "count": 80
        },
        "CarBehavior.Policy.ExtrinsicReward.mean": {
            "value": 445.4700980620426,
            "min": 13.806055006435361,
            "max": 490.43714176893235,
            "count": 80
        },
        "CarBehavior.Policy.ExtrinsicReward.sum": {
            "value": 25391.79558953643,
            "min": 16291.144907593727,
            "max": 26109.775059312582,
            "count": 80
        },
        "CarBehavior.Losses.PolicyLoss.mean": {
            "value": 0.0339421237828598,
            "min": 0.03063731318252394,
            "max": 0.035229660431014054,
            "count": 80
        },
        "CarBehavior.Losses.PolicyLoss.sum": {
            "value": 0.40730548539431766,
            "min": 0.3676477581902873,
            "max": 0.4416655774748506,
            "count": 80
        },
        "CarBehavior.Losses.ValueLoss.mean": {
            "value": 4.628741790928568,
            "min": 2.1638668465893716,
            "max": 26.10443690295021,
            "count": 80
        },
        "CarBehavior.Losses.ValueLoss.sum": {
            "value": 55.54490149114281,
            "min": 25.96640215907246,
            "max": 313.2532428354025,
            "count": 80
        },
        "CarBehavior.Policy.LearningRate.mean": {
            "value": 1.9580805973395875e-06,
            "min": 1.9580805973395875e-06,
            "max": 0.00029799476941841043,
            "count": 80
        },
        "CarBehavior.Policy.LearningRate.sum": {
            "value": 2.349696716807505e-05,
            "min": 2.349696716807505e-05,
            "max": 0.003575937233020925,
            "count": 80
        },
        "CarBehavior.Policy.Epsilon.mean": {
            "value": 0.10065266041666669,
            "min": 0.10065266041666669,
            "max": 0.19933158958333333,
            "count": 80
        },
        "CarBehavior.Policy.Epsilon.sum": {
            "value": 1.2078319250000003,
            "min": 1.2078319250000003,
            "max": 2.4619280499999996,
            "count": 80
        },
        "CarBehavior.Policy.Beta.mean": {
            "value": 4.2567754791666744e-05,
            "min": 4.2567754791666744e-05,
            "max": 0.004966646320208335,
            "count": 80
        },
        "CarBehavior.Policy.Beta.sum": {
            "value": 0.0005108130575000009,
            "min": 0.0005108130575000009,
            "max": 0.05959975584250001,
            "count": 80
        },
        "CarBehavior.IsTraining.mean": {
            "value": 1.0,
            "min": 1.0,
            "max": 1.0,
            "count": 80
        },
        "CarBehavior.IsTraining.sum": {
            "value": 1.0,
            "min": 1.0,
            "max": 1.0,
            "count": 80
        }
    },
    "metadata": {
        "timer_format_version": "0.1.0",
        "start_time_seconds": "1662303696",
        "python_version": "3.7.13 (default, Mar 28 2022, 07:24:34) \n[Clang 12.0.0 ]",
        "command_line_arguments": "/Users/mateja/anaconda3/envs/KAI_ENV/bin/mlagents-learn Assets/Configuration/configuration_six.yaml --env=Headless_Combined_New --no-graphics --run-id=22nd_run_combined --force",
        "mlagents_version": "0.29.0",
        "mlagents_envs_version": "0.29.0",
        "communication_protocol_version": "1.5.0",
        "pytorch_version": "1.8.1",
        "numpy_version": "1.21.2",
        "end_time_seconds": "1662312350"
    },
    "total": 8653.532172667,
    "count": 1,
    "self": 1.194027334002385,
    "children": {
        "run_training.setup": {
            "total": 0.01534479100000008,
            "count": 1,
            "self": 0.01534479100000008
        },
        "TrainerController.start_learning": {
            "total": 8652.322800541999,
            "count": 1,
            "self": 14.393617999530761,
            "children": {
                "TrainerController._reset_env": {
                    "total": 1.2245911669999998,
                    "count": 1,
                    "self": 1.2245911669999998
                },
                "TrainerController.advance": {
                    "total": 8636.67773833347,
                    "count": 1340220,
                    "self": 13.93190931711797,
                    "children": {
                        "env_step": {
                            "total": 6784.992081529466,
                            "count": 1340220,
                            "self": 6297.970828297036,
                            "children": {
                                "SubprocessEnvManager._take_step": {
                                    "total": 477.6813717288622,
                                    "count": 1340220,
                                    "self": 36.54031286044966,
                                    "children": {
                                        "TorchPolicy.evaluate": {
                                            "total": 441.14105886841253,
                                            "count": 1333349,
                                            "self": 84.0988110091323,
                                            "children": {
                                                "TorchPolicy.sample_actions": {
                                                    "total": 357.0422478592802,
                                                    "count": 1333349,
                                                    "self": 357.0422478592802
                                                }
                                            }
                                        }
                                    }
                                },
                                "workers": {
                                    "total": 9.339881503568028,
                                    "count": 1340220,
                                    "self": 0.0,
                                    "children": {
                                        "worker_root": {
                                            "total": 8634.499721166078,