{
    "name": "root",
    "gauges": {
        "CarBehavior.Policy.Entropy.mean": {
            "value": 0.8840258121490479,
            "min": 0.8840258121490479,
            "max": 1.4041860103607178,
            "count": 50
        },
        "CarBehavior.Policy.Entropy.sum": {
            "value": 44226.04296875,
            "min": 44172.05859375,
            "max": 70247.2109375,
            "count": 50
        },
        "CarBehavior.Environment.EpisodeLength.mean": {
            "value": 906.2727272727273,
            "min": 31.869250985545335,
            "max": 967.0769230769231,
            "count": 50
        },
        "CarBehavior.Environment.EpisodeLength.sum": {
            "value": 49845.0,
            "min": 48505.0,
            "max": 50620.0,
            "count": 50
        },
        "CarBehavior.Step.mean": {
            "value": 2499967.0,
            "min": 49964.0,
            "max": 2499967.0,
            "count": 50
        },
        "CarBehavior.Step.sum": {
            "value": 2499967.0,
            "min": 49964.0,
            "max": 2499967.0,
            "count": 50
        },
        "CarBehavior.Policy.ExtrinsicValueEstimate.mean": {
            "value": 35.152217864990234,
            "min": 0.3942042291164398,
            "max": 35.84801483154297,
            "count": 50
        },
        "CarBehavior.Policy.ExtrinsicValueEstimate.sum": {
            "value": 28297.53515625,
            "min": 636.24560546875,
            "max": 28821.8046875,
            "count": 50
        },
        "CarBehavior.Environment.CumulativeReward.mean": {
            "value": 313.8926728454503,
            "min": 0.3300591041037003,
            "max": 338.0240001151195,
            "count": 50
        },
        "CarBehavior.Environment.CumulativeReward.sum": {
            "value": 17264.097006499767,
            "min": 502.0198973417282,
            "max": 17698.914343893528,
            "count": 50
        },
        "CarBehavior.Policy.ExtrinsicReward.mean": {
            "value": 313.8926728454503,
            "min": 0.3300591041037003,
            "max": 338.0240001151195,
            "count": 50
        },
        "CarBehavior.Policy.ExtrinsicReward.sum": {
            "value": 17264.097006499767,
            "min": 502.0198973417282,
            "max": 17698.914343893528,
            "count": 50
        },
        "CarBehavior.Losses.PolicyLoss.mean": {
            "value": 0.032478474203344376,
            "min": 0.03043442886852669,
            "max": 0.03489798182181403,
            "count": 50
        },
        "CarBehavior.Losses.PolicyLoss.sum": {
            "value": 0.3897416904401325,
            "min": 0.3652131464223203,
            "max": 0.43450359251437476,
            "count": 50
        },
        "CarBehavior.Losses.ValueLoss.mean": {
            "value": 3.172797439309458,
            "min": 0.565385608196569,
            "max": 9.539094966525832,
            "count": 50
        },
        "CarBehavior.Losses.ValueLoss.sum": {
            "value": 38.073569271713495,
            "min": 6.784627298358828,
            "max": 122.54154640436172,
            "count": 50
        },
        "CarBehavior.Policy.LearningRate.mean": {
            "value": 3.111938962719999e-06,
            "min": 3.111938962719999e-06,
            "max": 0.0002967940410686533,
            "count": 50
        },
        "CarBehavior.Policy.LearningRate.sum": {
            "value": 3.734326755263999e-05,
            "min": 3.734326755263999e-05,
            "max": 0.00356152849282384,
            "count": 50
        },
        "CarBehavior.Policy.Epsilon.mean": {
            "value": 0.10103728,
            "min": 0.10103728,
            "max": 0.19893134666666668,
            "count": 50
        },
        "CarBehavior.Policy.Epsilon.sum": {
            "value": 1.2124473599999999,
            "min": 1.2124473599999999,
            "max": 2.4049102000000007,
            "count": 50
        },
        "CarBehavior.Policy.Beta.mean": {
            "value": 6.176027199999998e-05,
            "min": 6.176027199999998e-05,
            "max": 0.004946674198666666,
            "count": 50
        },
        "CarBehavior.Policy.Beta.sum": {
            "value": 0.0007411232639999997,
            "min": 0.0007411232639999997,
            "max": 0.059360090383999996,
            "count": 50
        },
        "CarBehavior.IsTraining.mean": {
            "value": 1.0,
            "min": 1.0,
            "max": 1.0,
            "count": 50
        },
        "CarBehavior.IsTraining.sum": {
            "value": 1.0,
            "min": 1.0,
            "max": 1.0,
            "count": 50
        }
    },
    "metadata": {
        "timer_format_version": "0.1.0",
        "start_time_seconds": "1662195044",
        "python_version": "3.7.13 (default, Mar 28 2022, 07:24:34) \n[Clang 12.0.0 ]",
        "command_line_arguments": "/Users/mateja/anaconda3/envs/KAI_ENV/bin/mlagents-learn Assets/Configuration/configuration_half.yaml --env=Headless_Two_New --no-graphics --run-id=18th_Run_Two",
        "mlagents_version": "0.29.0",
        "mlagents_envs_version": "0.29.0",
        "communication_protocol_version": "1.5.0",
        "pytorch_version": "1.8.1",
        "numpy_version": "1.21.2",
        "end_time_seconds": "1662209267"
    },
    "total": 14222.889974708,
    "count": 1,
    "self": 1.0886728759996913,
    "children": {
        "run_training.setup": {
            "total": 0.015245290999999384,
            "count": 1,
            "self": 0.015245290999999384
        },
        "TrainerController.start_learning": {
            "total": 14221.786056541,
            "count": 1,
            "self": 26.706921865783443,
            "children": {
                "TrainerController._reset_env": {
                    "total": 5.300747375,
                    "count": 1,
                    "self": 5.300747375
                },
                "TrainerController.advance": {
                    "total": 14189.749150133215,
                    "count": 2507432,
                    "self": 24.442835819549146,
                    "children": {
                        "env_step": {
                            "total": 13007.548830413967,
                            "count": 2507432,
                            "self": 12147.831905700174,
                            "children": {
                                "SubprocessEnvManager._take_step": {
                                    "total": 841.8612952174102,
                                    "count": 2507432,
                                    "self": 64.88991310917288,
                                    "children": {
                                        "TorchPolicy.evaluate": {
                                            "total": 776.9713821082373,
                                            "count": 2500031,
                                            "self": 152.23363175428415,
                                            "children": {
                                                "TorchPolicy.sample_actions": {
                                                    "total": 624.7377503539532,
                                                    "count": 2500031,
                                                    "self": 624.7377503539532
                                                }
                                            }
                                        }
                                    }
                                },
                                "workers": {
                                    "total": 17.855629496383813,
                                    "count": 2507432,
                                    "self": 0.0,
                                    "children": {
                                        "worker_root": {
                                            "total": 14188.705511133852,
                                            "count": 2507432,