{
    "name": "root",
    "metadata": {
        "timer_format_version": "0.1.0",
        "start_time_seconds": "1659119742",
        "python_version": "3.7.13 (default, Mar 28 2022, 07:24:34) \n[Clang 12.0.0 ]",
        "command_line_arguments": "/Users/mateja/anaconda3/envs/KAI_ENV/bin/mlagents-learn --run-id=Fifth_Run",
        "mlagents_version": "0.29.0",
        "mlagents_envs_version": "0.29.0",
        "communication_protocol_version": "1.5.0",
        "pytorch_version": "1.8.1",
        "numpy_version": "1.21.2",
        "end_time_seconds": "1659119920"
    },
    "total": 177.436997041,
    "count": 1,
    "self": 0.004977249999996047,
    "children": {
        "run_training.setup": {
            "total": 0.01654504099999987,
            "count": 1,
            "self": 0.01654504099999987
        },
        "TrainerController.start_learning": {
            "total": 177.41547475000002,
            "count": 1,
            "self": 0.3946242410015657,
            "children": {
                "TrainerController._reset_env": {
                    "total": 6.051395125,
                    "count": 1,
                    "self": 6.051395125
                },
                "TrainerController.advance": {
                    "total": 170.85486371699847,
                    "count": 32639,
                    "self": 0.38266639899674715,
                    "children": {
                        "env_step": {
                            "total": 163.70380309400062,
                            "count": 32639,
                            "self": 150.3133405639984,
                            "children": {
                                "SubprocessEnvManager._take_step": {
                                    "total": 13.131650445002007,
                                    "count": 32639,
                                    "self": 0.9547153360034475,
                                    "children": {
                                        "TorchPolicy.evaluate": {
                                            "total": 12.17693510899856,
                                            "count": 32054,
                                            "self": 2.4369703019998994,
                                            "children": {
                                                "TorchPolicy.sample_actions": {
                                                    "total": 9.73996480699866,
                                                    "count": 32054,
                                                    "self": 9.73996480699866
                                                }
                                            }
                                        }
                                    }
                                },
                                "workers": {
                                    "total": 0.25881208500020403,
                                    "count": 32638,
                                    "self": 0.0,
                                    "children": {
                                        "worker_root": {
                                            "total": 116.75123612199985,
                                            "count": 32638,
                                            "is_parallel": true,
                                            "self": 41.93547458999929,
                                            "children": {
                                                "run_training.setup": {
                                                    "total": 0.0,
                                                    "count": 0,
                                                    "is_parallel": true,
                                                    "self": 0.0,
                                                    "children": {
                                                        "steps_from_proto": {
                                                            "total": 0.0029894160000001335,
                                                            "count": 1,
                                                            "is_parallel": true,
                                                            "self": 0.0005910830000006584,
                                                            "children": {
                                                                "_process_rank_one_or_two_observation": {
                                                                    "total": 0.002398332999999475,
                                                                    "count": 2,
                                                                    "is_parallel": true,
                                                                    "self": 0.002398332999999475
                                                                }
                                                            }
                                                        },
                                                        "UnityEnvironment.step": {
                                                            "total": 0.010043540999999934,
                                                            "count": 1,
                                                            "is_parallel": true,
                                                            "self": 0.00010145799999961014,
                                                            "children": {
                                                                "UnityEnvironment._generate_step_input": {
                                                                    "total": 0.00031354199999977794,
                                                                    "count": 1,
                                                                    "is_parallel": true,
                                                                    "self": 0.00031354199999977794
                                                                },
                                                                "communicator.exchange": {
                                                                    "total": 0.00939116600000034,
                                                                    "count": 1,
                                                                    "is_parallel": true,
                                                                    "self": 0.00939116600000034
                                                                },
                                                                "steps_from_proto": {
                                                                    "total": 0.00023737500000020617,
                                                                    "count": 1,
                                                                    "is_parallel": true,
                                                                    "self": 0.0001130830000004579,
                                                                    "children": {
                                                                        "_process_rank_one_or_two_observation": {
                                                                            "total": 0.00012429199999974827,
                                                                            "count": 2,
                                                                            "is_parallel": true,