{
    "name": "root",
    "gauges": {
        "CarBehavior.Policy.Entropy.mean": {
            "value": 1.2423090934753418,
            "min": 1.2423090934753418,
            "max": 1.3956975936889648,
            "count": 10
        },
        "CarBehavior.Policy.Entropy.sum": {
            "value": 62132.84765625,
            "min": 62132.84765625,
            "max": 69828.1484375,
            "count": 10
        },
        "CarBehavior.Environment.EpisodeLength.mean": {
            "value": 157.57142857142858,
            "min": 19.075130574527922,
            "max": 157.57142857142858,
            "count": 10
        },
        "CarBehavior.Environment.EpisodeLength.sum": {
            "value": 49635.0,
            "min": 47478.0,
            "max": 49663.0,
            "count": 10
        },
        "CarBehavior.Step.mean": {
            "value": 499964.0,
            "min": 49967.0,
            "max": 499964.0,
            "count": 10
        },
        "CarBehavior.Step.sum": {
            "value": 499964.0,
            "min": 49967.0,
            "max": 499964.0,
            "count": 10
        },
        "CarBehavior.Policy.ExtrinsicValueEstimate.mean": {
            "value": 132.55154418945312,
            "min": -32.261077880859375,
            "max": 132.55154418945312,
            "count": 10
        },
        "CarBehavior.Policy.ExtrinsicValueEstimate.sum": {
            "value": 123803.140625,
            "min": -81459.21875,
            "max": 123803.140625,
            "count": 10
        },
        "CarBehavior.Environment.CumulativeReward.mean": {
            "value": 541.5641161833383,
            "min": -80.41067297892572,
            "max": 541.5641161833383,
            "count": 10
        },
        "CarBehavior.Environment.CumulativeReward.sum": {
            "value": 171134.2607139349,
            "min": -200142.16504454613,
            "max": 203004.89636564255,
            "count": 10
        },
        "CarBehavior.Policy.ExtrinsicReward.mean": {
            "value": 541.5641161833383,
            "min": -80.41067297892572,
            "max": 541.5641161833383,
            "count": 10
        },
        "CarBehavior.Policy.ExtrinsicReward.sum": {
            "value": 171134.2607139349,
            "min": -200142.16504454613,
            "max": 203004.89636564255,
            "count": 10
        },
        "CarBehavior.Losses.PolicyLoss.mean": {
            "value": 0.031024226940492856,
            "min": 0.031024226940492856,
            "max": 0.034118956892948166,
            "count": 10
        },
        "CarBehavior.Losses.PolicyLoss.sum": {
            "value": 0.3722907232859143,
            "min": 0.3722907232859143,
            "max": 0.4435464396083262,
            "count": 10
        },
        "CarBehavior.Losses.ValueLoss.mean": {
            "value": 442.1844361424446,
            "min": 110.10855941598614,
            "max": 442.1844361424446,
            "count": 10
        },
        "CarBehavior.Losses.ValueLoss.sum": {
            "value": 5306.213233709335,
            "min": 1321.3027129918337,
            "max": 5306.213233709335,
            "count": 10
        },
        "CarBehavior.Policy.LearningRate.mean": {
            "value": 1.4436945187716664e-05,
            "min": 1.4436945187716664e-05,
            "max": 0.00028398770533743335,
            "count": 10
        },
        "CarBehavior.Policy.LearningRate.sum": {
            "value": 0.00017324334225259997,
            "min": 0.00017324334225259997,
            "max": 0.0034078524640492004,
            "count": 10
        },
        "CarBehavior.Policy.Epsilon.mean": {
            "value": 0.10481228333333333,
            "min": 0.10481228333333333,
            "max": 0.1946625666666667,
            "count": 10
        },
        "CarBehavior.Policy.Epsilon.sum": {
            "value": 1.2577474,
            "min": 1.2577474,
            "max": 2.3359508000000004,
            "count": 10
        },
        "CarBehavior.Policy.Beta.mean": {
            "value": 0.0002501329383333333,
            "min": 0.0002501329383333333,
            "max": 0.004733662076666667,
            "count": 10
        },
        "CarBehavior.Policy.Beta.sum": {
            "value": 0.00300159526,
            "min": 0.00300159526,
            "max": 0.05680394492000001,
            "count": 10
        },
        "CarBehavior.IsTraining.mean": {
            "value": 1.0,
            "min": 1.0,
            "max": 1.0,
            "count": 10
        },
        "CarBehavior.IsTraining.sum": {
            "value": 1.0,
            "min": 1.0,
            "max": 1.0,
            "count": 10
        }
    },
    "metadata": {
        "timer_format_version": "0.1.0",
        "start_time_seconds": "1659128247",
        "python_version": "3.7.13 (default, Mar 28 2022, 07:24:34) \n[Clang 12.0.0 ]",
        "command_line_arguments": "/Users/mateja/anaconda3/envs/KAI_ENV/bin/mlagents-learn Assets/Configuration/configuration.yaml --env=KAI_Headless --no-graphics --run-id=Eight_Run",
        "mlagents_version": "0.29.0",
        "mlagents_envs_version": "0.29.0",
        "communication_protocol_version": "1.5.0",
        "pytorch_version": "1.8.1",
        "numpy_version": "1.21.2",
        "end_time_seconds": "1659131088"
    },
    "total": 2840.861347333,
    "count": 1,
    "self": 1.3008739570000216,
    "children": {
        "run_training.setup": {
            "total": 0.026314583999999863,
            "count": 1,
            "self": 0.026314583999999863
        },
        "TrainerController.start_learning": {
            "total": 2839.534158792,
            "count": 1,
            "self": 5.533580434968371,
            "children": {
                "TrainerController._reset_env": {
                    "total": 2.9720140829999995,
                    "count": 1,
                    "self": 2.9720140829999995
                },
                "TrainerController.advance": {
                    "total": 2830.999469608032,
                    "count": 509683,
                    "self": 5.388118368049163,
                    "children": {
                        "env_step": {
                            "total": 2575.5526964869387,
                            "count": 509683,
                            "self": 2387.755068953004,
                            "children": {
                                "SubprocessEnvManager._take_step": {
                                    "total": 184.03371943700105,
                                    "count": 509683,
                                    "self": 14.13943361103307,
                                    "children": {
                                        "TorchPolicy.evaluate": {
                                            "total": 169.89428582596798,
                                            "count": 500028,
                                            "self": 33.96428407399429,
                                            "children": {
                                                "TorchPolicy.sample_actions": {
                                                    "total": 135.9300017519737,
                                                    "count": 500028,
                                                    "self": 135.9300017519737
                                                }
                                            }
                                        }
                                    }
                                },
                                "workers": {
                                    "total": 3.7639080969337124,
                                    "count": 509683,
                                    "self": 0.0,
                                    "children": {
                                        "worker_root": {
                                            "total": 2832.2016219540415,
                                            "count": 509683,