{"cameraMode":{"drawMode":0,"name":"Shaded","section":"Shading Mode"},"sceneLighting":false,"audioPlay":false,"sceneViewState":{"m_AlwaysRefresh":false,"showFog":true,"showSkybox":false,"showFlares":true,"showImageEffects":true,"showParticleSystems":true,"showVisualEffectGraphs":true,"m_FxEnabled":true},"in2DMode":false,"pivot":{"x":0.06533384323120117,"y":1.3159656524658204,"z":0.04662728309631348},"rotation":{"x":-0.3053567111492157,"y":-0.6194716691970825,"z":0.28446197509765627,"w":-0.664924681186676},"size":2.481174945831299,"orthographic":true}