{
    "name": "root",
    "gauges": {
        "CarBehavior.Policy.Entropy.mean": {
            "value": 0.7770240902900696,
            "min": 0.776654839515686,
            "max": 1.4012818336486816,
            "count": 50
        },
        "CarBehavior.Policy.Entropy.sum": {
            "value": 38813.90625,
            "min": 38813.90625,
            "max": 70079.5078125,
            "count": 50
        },
        "CarBehavior.Environment.EpisodeLength.mean": {
            "value": 818.0967741935484,
            "min": 18.859412231930104,
            "max": 905.290909090909,
            "count": 50
        },
        "CarBehavior.Environment.EpisodeLength.sum": {
            "value": 50722.0,
            "min": 47488.0,
            "max": 50722.0,
            "count": 50
        },
        "CarBehavior.Step.mean": {
            "value": 2499941.0,
            "min": 49991.0,
            "max": 2499941.0,
            "count": 50
        },
        "CarBehavior.Step.sum": {
            "value": 2499941.0,
            "min": 49991.0,
            "max": 2499941.0,
            "count": 50
        },
        "CarBehavior.Policy.ExtrinsicValueEstimate.mean": {
            "value": 43.215660095214844,
            "min": -1.456632137298584,
            "max": 43.917545318603516,
            "count": 50
        },
        "CarBehavior.Policy.ExtrinsicValueEstimate.sum": {
            "value": 35004.68359375,
            "min": -3667.7998046875,
            "max": 35436.328125,
            "count": 50
        },
        "CarBehavior.Environment.CumulativeReward.mean": {
            "value": 367.72614697390986,
            "min": -2.42199589256777,
            "max": 407.17742856524205,
            "count": 50
        },
        "CarBehavior.Environment.CumulativeReward.sum": {
            "value": 22799.021112382412,
            "min": -6069.521706774831,
            "max": 22799.021112382412,
            "count": 50
        },
        "CarBehavior.Policy.ExtrinsicReward.mean": {
            "value": 367.72614697390986,
            "min": -2.42199589256777,
            "max": 407.17742856524205,
            "count": 50
        },
        "CarBehavior.Policy.ExtrinsicReward.sum": {
            "value": 22799.021112382412,
            "min": -6069.521706774831,
            "max": 22799.021112382412,
            "count": 50
        },
        "CarBehavior.Losses.PolicyLoss.mean": {
            "value": 0.03372322321481009,
            "min": 0.03025586660942281,
            "max": 0.03446646050234939,
            "count": 50
        },
        "CarBehavior.Losses.PolicyLoss.sum": {
            "value": 0.43840190179253113,
            "min": 0.3630703993130737,
            "max": 0.448063986530542,
            "count": 50
        },
        "CarBehavior.Losses.ValueLoss.mean": {
            "value": 4.93406296786494,
            "min": 0.0016356157090437289,
            "max": 17.844264679898817,
            "count": 50
        },
        "CarBehavior.Losses.ValueLoss.sum": {
            "value": 64.14281858224422,
            "min": 0.019627388508524746,
            "max": 217.5529695302248,
            "count": 50
        },
        "CarBehavior.Policy.LearningRate.mean": {
            "value": 2.996471308901534e-06,
            "min": 2.996471308901534e-06,
            "max": 0.0002967960210679933,
            "count": 50
        },
        "CarBehavior.Policy.LearningRate.sum": {
            "value": 3.895412701571994e-05,
            "min": 3.895412701571994e-05,
            "max": 0.00356155225281592,
            "count": 50
        },
        "CarBehavior.Policy.Epsilon.mean": {
            "value": 0.10099879076923078,
            "min": 0.10099879076923078,
            "max": 0.1989320066666667,
            "count": 50
        },
        "CarBehavior.Policy.Epsilon.sum": {
            "value": 1.3129842800000002,
            "min": 1.2367374800000002,
            "max": 2.4569885599999997,
            "count": 50
        },
        "CarBehavior.Policy.Beta.mean": {
            "value": 5.98396593846153e-05,
            "min": 5.98396593846153e-05,
            "max": 0.0049467071326666666,
            "count": 50
        },
        "CarBehavior.Policy.Beta.sum": {
            "value": 0.0007779155719999989,
            "min": 0.0007779155719999989,
            "max": 0.059360485592,
            "count": 50
        },
        "CarBehavior.IsTraining.mean": {
            "value": 1.0,
            "min": 1.0,
            "max": 1.0,
            "count": 50
        },
        "CarBehavior.IsTraining.sum": {
            "value": 1.0,
            "min": 1.0,
            "max": 1.0,
            "count": 50
        }
    },
    "metadata": {
        "timer_format_version": "0.1.0",
        "start_time_seconds": "1662280624",
        "python_version": "3.7.13 (default, Mar 28 2022, 07:24:34) \n[Clang 12.0.0 ]",
        "command_line_arguments": "/Users/mateja/anaconda3/envs/KAI_ENV/bin/mlagents-learn Assets/Configuration/configuration_half.yaml --env=Headless_One_New --no-graphics --run-id=19th_run_one",
        "mlagents_version": "0.29.0",
        "mlagents_envs_version": "0.29.0",
        "communication_protocol_version": "1.5.0",
        "pytorch_version": "1.8.1",
        "numpy_version": "1.21.2",
        "end_time_seconds": "1662294693"
    },
    "total": 14069.231310084,
    "count": 1,
    "self": 1.0917366669982584,
    "children": {
        "run_training.setup": {
            "total": 0.020800541999999922,
            "count": 1,
            "self": 0.020800541999999922
        },
        "TrainerController.start_learning": {
            "total": 14068.118772875001,
            "count": 1,
            "self": 25.905965503035986,
            "children": {
                "TrainerController._reset_env": {
                    "total": 5.284747375,
                    "count": 1,
                    "self": 5.284747375
                },
                "TrainerController.advance": {
                    "total": 14036.901009788964,
                    "count": 2521872,
                    "self": 25.216824721415833,
                    "children": {
                        "env_step": {
                            "total": 12827.188309729981,
                            "count": 2521872,
                            "self": 11980.079122409323,
                            "children": {
                                "SubprocessEnvManager._take_step": {
                                    "total": 830.1250009912158,
                                    "count": 2521872,
                                    "self": 62.9724126565186,
                                    "children": {
                                        "TorchPolicy.evaluate": {
                                            "total": 767.1525883346972,
                                            "count": 2500005,
                                            "self": 150.9612424020902,
                                            "children": {
                                                "TorchPolicy.sample_actions": {
                                                    "total": 616.191345932607,
                                                    "count": 2500005,
                                                    "self": 616.191345932607
                                                }
                                            }
                                        }
                                    }
                                },
                                "workers": {
                                    "total": 16.984186329443055,
                                    "count": 2521872,
                                    "self": 0.0,
                                    "children": {
                                        "worker_root": {
                                            "total": 14036.000387962875,