{
    "name": "root",
    "gauges": {
        "CarBehavior.Policy.Entropy.mean": {
            "value": 1.334325909614563,
            "min": 1.334325909614563,
            "max": 1.4130403995513916,
            "count": 10
        },
        "CarBehavior.Policy.Entropy.sum": {
            "value": 66721.6328125,
            "min": 66721.6328125,
            "max": 70671.8046875,
            "count": 10
        },
        "CarBehavior.Environment.EpisodeLength.mean": {
            "value": 15.813718897108272,
            "min": 15.678785857238159,
            "max": 16.444715730728984,
            "count": 10
        },
        "CarBehavior.Environment.EpisodeLength.sum": {
            "value": 47030.0,
            "min": 46997.0,
            "max": 47147.0,
            "count": 10
        },
        "CarBehavior.Step.mean": {
            "value": 499994.0,
            "min": 49994.0,
            "max": 499994.0,
            "count": 10
        },
        "CarBehavior.Step.sum": {
            "value": 499994.0,
            "min": 49994.0,
            "max": 499994.0,
            "count": 10
        },
        "CarBehavior.Policy.ExtrinsicValueEstimate.mean": {
            "value": -32.77751541137695,
            "min": -35.70323944091797,
            "max": -32.01557159423828,
            "count": 10
        },
        "CarBehavior.Policy.ExtrinsicValueEstimate.sum": {
            "value": -97480.328125,
            "min": -106288.546875,
            "max": -91756.625,
            "count": 10
        },
        "CarBehavior.Environment.CumulativeReward.mean": {
            "value": -70.32049780270358,
            "min": -78.01639886577897,
            "max": -70.32049780270358,
            "count": 10
        },
        "CarBehavior.Environment.CumulativeReward.sum": {
            "value": -209133.16046524048,
            "min": -223594.9991493225,
            "max": -209133.16046524048,
            "count": 10
        },
        "CarBehavior.Policy.ExtrinsicReward.mean": {
            "value": -70.32049780270358,
            "min": -78.01639886577897,
            "max": -70.32049780270358,
            "count": 10
        },
        "CarBehavior.Policy.ExtrinsicReward.sum": {
            "value": -209133.16046524048,
            "min": -223594.9991493225,
            "max": -209133.16046524048,
            "count": 10
        },
        "CarBehavior.Losses.PolicyLoss.mean": {
            "value": 0.022292101421238233,
            "min": 0.021768613695167006,
            "max": 0.026295431096029158,
            "count": 10
        },
        "CarBehavior.Losses.PolicyLoss.sum": {
            "value": 0.11146050710619117,
            "min": 0.09831014927476645,
            "max": 0.1224006732304891,
            "count": 10
        },
        "CarBehavior.Losses.ValueLoss.mean": {
            "value": 2.2049756765365602,
            "min": 2.2049756765365602,
            "max": 75.03064193725585,
            "count": 10
        },
        "CarBehavior.Losses.ValueLoss.sum": {
            "value": 11.0248783826828,
            "min": 8.956511684258778,
            "max": 300.1225677490234,
            "count": 10
        },
        "CarBehavior.Policy.LearningRate.mean": {
            "value": 1.7105734298120003e-05,
            "min": 1.7105734298120003e-05,
            "max": 0.00028462455512515,
            "count": 10
        },
        "CarBehavior.Policy.LearningRate.sum": {
            "value": 8.55286714906e-05,
            "min": 8.55286714906e-05,
            "max": 0.0012847800717399997,
            "count": 10
        },
        "CarBehavior.Policy.Epsilon.mean": {
            "value": 0.10570187999999998,
            "min": 0.10570187999999998,
            "max": 0.19487485000000002,
            "count": 10
        },
        "CarBehavior.Policy.Epsilon.sum": {
            "value": 0.5285093999999999,
            "min": 0.45972079999999993,
            "max": 0.9282600000000001,
            "count": 10
        },
        "CarBehavior.Policy.Beta.mean": {
            "value": 0.00029452381200000016,
            "min": 0.00029452381200000016,
            "max": 0.0047442550150000005,
            "count": 10
        },
        "CarBehavior.Policy.Beta.sum": {
            "value": 0.0014726190600000007,
            "min": 0.0014726190600000007,
            "max": 0.021420174000000004,
            "count": 10
        },
        "CarBehavior.IsTraining.mean": {
            "value": 1.0,
            "min": 1.0,
            "max": 1.0,
            "count": 10
        },
        "CarBehavior.IsTraining.sum": {
            "value": 1.0,
            "min": 1.0,
            "max": 1.0,
            "count": 10
        }
    },
    "metadata": {
        "timer_format_version": "0.1.0",
        "start_time_seconds": "1659120285",
        "python_version": "3.7.13 (default, Mar 28 2022, 07:24:34) \n[Clang 12.0.0 ]",
        "command_line_arguments": "/Users/mateja/anaconda3/envs/KAI_ENV/bin/mlagents-learn --env=KAI_Headless --no-graphics --run-id=Sixth_Run",
        "mlagents_version": "0.29.0",
        "mlagents_envs_version": "0.29.0",
        "communication_protocol_version": "1.5.0",
        "pytorch_version": "1.8.1",
        "numpy_version": "1.21.2",
        "end_time_seconds": "1659122984"
    },
    "total": 2698.329113625,
    "count": 1,
    "self": 1.2887402500000462,
    "children": {
        "run_training.setup": {
            "total": 0.016829083000000078,
            "count": 1,
            "self": 0.016829083000000078
        },
        "TrainerController.start_learning": {
            "total": 2697.0235442919998,
            "count": 1,
            "self": 5.745612391999657,
            "children": {
                "TrainerController._reset_env": {
                    "total": 5.709095165999999,
                    "count": 1,
                    "self": 5.709095165999999
                },
                "TrainerController.advance": {
                    "total": 2685.5415454009994,
                    "count": 529779,
                    "self": 5.557792442911705,
                    "children": {
                        "env_step": {
                            "total": 2556.5776334340762,
                            "count": 529779,
                            "self": 2375.2300280939894,
                            "children": {
                                "SubprocessEnvManager._take_step": {
                                    "total": 177.5320137950878,
                                    "count": 529779,
                                    "self": 13.639633885209292,
                                    "children": {
                                        "TorchPolicy.evaluate": {
                                            "total": 163.8923799098785,
                                            "count": 500011,
                                            "self": 32.363913646863494,
                                            "children": {
                                                "TorchPolicy.sample_actions": {
                                                    "total": 131.52846626301502,
                                                    "count": 500011,
                                                    "self": 131.52846626301502
                                                }
                                            }
                                        }
                                    }
                                },
                                "workers": {
                                    "total": 3.8155915449989113,
                                    "count": 529779,
                                    "self": 0.0,
                                    "children": {
                                        "worker_root": {
                                            "total": 2689.5318484579902,
                                            "count": 529779,