{
    "name": "root",
    "metadata": {
        "timer_format_version": "0.1.0",
        "start_time_seconds": "1659207047",
        "python_version": "3.7.13 (default, Mar 28 2022, 07:24:34) \n[Clang 12.0.0 ]",
        "command_line_arguments": "/Users/mateja/anaconda3/envs/KAI_ENV/bin/mlagents-learn Assets/Configuration/configuration.yaml --run-id=Ninth_Run_Track_Two",
        "mlagents_version": "0.29.0",
        "mlagents_envs_version": "0.29.0",
        "communication_protocol_version": "1.5.0",
        "pytorch_version": "1.8.1",
        "numpy_version": "1.21.2",
        "end_time_seconds": "1659207178"
    },
    "total": 130.845877041,
    "count": 1,
    "self": 0.005531499999989364,
    "children": {
        "run_training.setup": {
            "total": 0.016648416,
            "count": 1,
            "self": 0.016648416
        },
        "TrainerController.start_learning": {
            "total": 130.823697125,
            "count": 1,
            "self": 0.20679661899947632,
            "children": {
                "TrainerController._reset_env": {
                    "total": 6.1252003749999995,
                    "count": 1,
                    "self": 6.1252003749999995
                },
                "TrainerController.advance": {
                    "total": 124.35379567200053,
                    "count": 16850,
                    "self": 0.19662670099971535,
                    "children": {
                        "env_step": {
                            "total": 117.43825573000068,
                            "count": 16850,
                            "self": 110.59622148499956,
                            "children": {
                                "SubprocessEnvManager._take_step": {
                                    "total": 6.705247313000651,
                                    "count": 16850,
                                    "self": 0.48842683400052156,
                                    "children": {
                                        "TorchPolicy.evaluate": {
                                            "total": 6.21682047900013,
                                            "count": 15951,
                                            "self": 1.2538856190005134,
                                            "children": {
                                                "TorchPolicy.sample_actions": {
                                                    "total": 4.962934859999616,
                                                    "count": 15951,
                                                    "self": 4.962934859999616
                                                }
                                            }
                                        }
                                    }
                                },
                                "workers": {
                                    "total": 0.136786932000466,
                                    "count": 16849,
                                    "self": 0.0,
                                    "children": {
                                        "worker_root": {
                                            "total": 70.3516135529996,
                                            "count": 16849,
                                            "is_parallel": true,
                                            "self": 27.98018747100039,
                                            "children": {
                                                "run_training.setup": {
                                                    "total": 0.0,
                                                    "count": 0,
                                                    "is_parallel": true,
                                                    "self": 0.0,
                                                    "children": {
                                                        "steps_from_proto": {
                                                            "total": 0.003695792000000253,
                                                            "count": 1,
                                                            "is_parallel": true,
                                                            "self": 0.0008709580000001438,
                                                            "children": {
                                                                "_process_rank_one_or_two_observation": {
                                                                    "total": 0.0028248340000001093,
                                                                    "count": 2,
                                                                    "is_parallel": true,
                                                                    "self": 0.0028248340000001093
                                                                }
                                                            }
                                                        },
                                                        "UnityEnvironment.step": {
                                                            "total": 0.012137625000000263,
                                                            "count": 1,
                                                            "is_parallel": true,
                                                            "self": 0.00011454200000127202,
                                                            "children": {
                                                                "UnityEnvironment._generate_step_input": {
                                                                    "total": 0.00029224999999932777,
                                                                    "count": 1,
                                                                    "is_parallel": true,
                                                                    "self": 0.00029224999999932777
                                                                },
                                                                "communicator.exchange": {
                                                                    "total": 0.0114756250000001,
                                                                    "count": 1,
                                                                    "is_parallel": true,
                                                                    "self": 0.0114756250000001
                                                                },
                                                                "steps_from_proto": {
                                                                    "total": 0.0002552079999995627,
                                                                    "count": 1,
                                                                    "is_parallel": true,
                                                                    "self": 0.00011174900000021637,
                                                                    "children": {
                                                                        "_process_rank_one_or_two_observation": {
                                                                            "total": 0.0001434589999993463,
                                                                            "count": 2,
                                                                            "is_parallel": true,